<?xml version="1.0" encoding="utf-8"?>
<RadarViewType xmlns:xsd="http://www.w3.org/2001/XMLSchema" xmlns:xsi="http://www.w3.org/2001/XMLSchema-instance">
  <defaultZoomoutValue>-400</defaultZoomoutValue>
  <mob>
   <name>true</name>
   <shortName>true</shortName>
   <positon>true</positon>
   <hp>true</hp>
   <job>false</job>
   <link>false</link>
  </mob>
  <hum>
   <name>false</name>
   <shortName>false</shortName>
   <positon>false</positon>
   <hp>false</hp>
   <job>true</job>
   <link>true</link>
  </hum>
  <id>
   <name>true</name>
   <shortName>true</shortName>
   <positon>false</positon>
   <hp>false</hp>
   <job>true</job>
   <link>false</link>
  </id>
</RadarViewType>